"";"data.indexRL";"data.indexS";"data.indexA";"data.female";"chechnya"
"1";0,2;0,7;0;1;1
"2";0,1;0;0,3;0;1
"3";0,6;0,4;0;0;1
"4";0,6;0,1;0,2;1;1
"5";0,5;0,4;0,1;0;1
"6";0,1;0,3;0;0;1
"7";0,3;0,2;0,5;1;1
"8";0,4;0,2;0,2;1;1
"9";0,5;0,2;0,3;1;1
"10";0,5;0,5;0;0;1
"11";0,3;0,2;0,3;0;1
"12";0,2;0,3;0,4;0;1
"13";0,3;0,3;0;0;1
"14";0,5;0,3;0,2;0;1
"15";0,2;0,7;0;1;1
"16";0,2;0,8;0;0;1
"17";0,2;0,6;0,2;1;1
"18";0,3;0,6;0,1;1;1
"19";0,5;0,2;0,3;0;1
"20";0,6;0,2;0,2;1;1
"21";0,1;0,4;0,3;0;1
"22";0,1;0,4;0,5;0;1
"23";0,3;0,3;0;0;1
"24";0,6;0,2;0,1;1;1
"25";0,2;0;0;0;1
"26";0,3;0,3;0,3;1;1
"27";0,1;0,1;0;1;1
"28";0,5;0,2;0,2;0;1
"29";0,2;0,1;0,5;1;1
"30";0,3;0,5;0,1;0;1
"31";0,2;0,3;0,4;0;1
"32";0;0,2;0,4;0;1
"33";0,2;0,3;0,2;0;1
"34";0,3;0,7;0;1;1
"35";0,8;0,1;0,1;0;1
"36";0,2;0;0,6;0;1
"37";0,4;0,1;0,5;0;1
"38";0,2;0,7;0;1;1
"39";0;0,9;0,1;1;1
"40";0;0,8;0;1;1
"41";0;0,2;0,7;1;1
"42";0;0;1;0;1
"43";0,2;0,1;0,6;0;1
"44";0,1;0,7;0,1;0;1
"45";0,1;0,7;0,1;0;1
"46";0,6;0,3;0;1;1
"47";0,4;0,2;0,1;0;1
"48";0;1;0;1;1
"49";0,1;0,7;0;0;1
"50";0;0;1;1;1
"51";0,1;0,8;0,1;0;1
"52";0,1;0,1;0,7;0;1
"53";0,6;0,2;0,2;0;1
"54";0,5;0,3;0,2;1;1
"55";0,5;0,2;0,1;0;1
"56";0,7;0;0,3;1;1
"57";0,8;0,1;0,1;1;1
"58";0,6;0,1;0,2;0;1
"59";0,8;0,1;0,1;1;1
"60";0,9;0;0,1;1;1
"61";0,6;0;0,2;0;1
"62";0,2;0,8;0;1;1
"63";0,1;0,4;0,5;0;1
"64";0,3;0,5;0,2;1;1
"65";0,8;0,1;0,1;0;1
"66";0,4;0,5;0;0;1
"67";0,5;0,5;0;0;1
"68";0,4;0,4;0,2;0;1
"69";0,5;0,2;0,2;1;1
"70";0,5;0,2;0,2;0;1
"71";0,4;0,2;0,3;0;1
"72";0,6;0,1;0,2;1;1
"73";0;0,5;0,3;0;1
"74";0,4;0,4;0,2;0;1
"75";0,5;0,2;0,2;1;1
"76";0,3;0,1;0,3;1;1
"77";1;0;0;0;1
"78";0,3;0,4;0,1;1;1
"79";0,3;0,4;0,3;1;1
"80";0;1;0;0;1
"81";0,3;0,6;0,1;1;1
"82";0;0,3;0,7;0;1
"83";0,4;0,3;0,3;1;1
"84";0;0;1;1;1
"85";0;0;1;0;1
"86";0;0,1;0,9;0;1
"87";0,1;0,2;0,6;0;1
"88";0,7;0,1;0,2;1;1
"89";0,7;0,1;0,2;0;1
"90";0;0,8;0,2;0;1
"91";0,1;0,2;0,6;1;1
"92";0,1;0,8;0,1;1;1
"93";0,1;0,2;0;1;1
"94";0,1;0,7;0,1;1;1
"95";0,2;0,4;0,3;1;1
"96";0,2;0,3;0,3;1;1
"97";0,3;0,3;0,2;0;1
"98";0,8;0;0;1;1
"99";0,2;0;0,6;1;1
"100";0,5;0,2;0,2;1;1
"101";0,1;0,6;0,1;1;1
"102";0,3;0,2;0,5;0;1
"103";0,3;0,2;0,3;1;1
"104";0,5;0,1;0,3;1;1
"105";0,5;0,3;0,2;1;1
"106";0,4;0,3;0,3;1;1
"107";0,2;0,7;0,1;1;1
"108";0;1;0;0;1
"109";0,2;0,3;0,4;0;1
"110";0;1;0;1;1
"111";0,4;0;0,6;1;1
"112";0,1;0,3;0,3;0;1
"113";0,3;0,3;0,3;0;1
"114";0,6;0;0,1;1;1
"115";0,1;0,9;0;0;1
"116";0,1;0,4;0,3;0;1
"117";0,6;0,1;0,3;1;1
"118";0,5;0,5;0;0;1
"119";0,4;0,5;0,1;1;1
"120";0,3;0,4;0,3;0;1
"121";0,1;0,6;0,3;1;1
"122";0,8;0,2;0;0;1
"123";0,6;0,3;0,1;1;1
"124";0,3;0,4;0,2;1;1
"125";0,2;0,3;0,2;1;1
"126";0,4;0,5;0,1;0;1
"127";0,2;0,6;0,2;1;1
"128";0,3;0,3;0,2;0;1
"129";0,6;0,2;0,1;0;1
"130";0,1;0,1;0,5;0;1
"131";0,1;0,6;0;0;1
"132";1;0;0;1;1
"133";0,4;0,4;0,2;1;1
"134";0,8;0,1;0,1;1;1
"135";0,4;0,3;0,1;1;1
"136";0;0,6;0,4;1;1
"137";0,2;0,6;0,2;1;1
"138";0,4;0,3;0,3;0;1
"139";0,1;0,5;0,3;0;1
"140";0,5;0;0,2;1;1
"141";0,3;0,4;0,3;1;1
"142";0,3;0,1;0,5;0;1
"143";0,2;0,3;0,4;1;1
"144";0;0,4;0,1;1;1
"145";0,3;0,1;0,4;0;1
"146";0,8;0,2;0;1;1
"147";0,5;0,4;0;1;1
"148";0,9;0,1;0;1;1
"149";0,7;0,1;0,2;1;1
"150";0,5;0,4;0,1;1;1
"151";0,7;0,3;0;0;1
"152";0,6;0;0,4;0;1
"153";0,8;0,1;0,1;1;1
"154";1;0;0;1;1
"155";0,3;0,4;0,2;1;1
"156";0,7;0,1;0,2;1;1
"157";0,6;0,4;0;0;1
"158";0,7;0,2;0,1;0;1
"159";0,4;0,5;0,1;1;1
"160";0,3;0,7;0;1;1
"161";1;0;0;1;1
"162";1;0;0;1;1
"163";0,6;0,2;0,1;0;1
"164";0,6;0,3;0;0;1
"165";0,5;0,1;0,2;1;1
"166";0,5;0,4;0,1;0;1
"167";0,4;0,3;0,3;0;1
"168";0,6;0,2;0,2;0;1
"169";0,7;0;0,3;1;1
"170";0,3;0,4;0,3;1;1
"171";0,1;0,8;0;1;1
"172";0;1;0;1;1
"173";0,7;0,3;0;1;1
"174";0,6;0,4;0;0;1
"175";0,3;0,2;0,5;1;1
"176";0;1;0;0;1
"177";0,4;0,3;0,2;1;1
"178";0,4;0,1;0,5;0;1
"179";0,3;0,6;0,1;0;1
"180";0,4;0;0,6;1;1
"181";0;0;1;0;1
"182";0;0,8;0;0;1
"183";0,4;0,3;0,2;0;1
"184";0,8;0,1;0,1;1;1
"185";0,1;0,9;0;0;1
"186";0,2;0,5;0,3;1;1
"187";0;0,9;0;1;1
"188";0;1;0;0;1
"189";0;0,5;0,5;1;1
"190";0,1;0,2;0,6;0;1
"191";0;0,1;0,9;0;1
"192";0;0,5;0,5;1;1
"193";0,3;0,3;0,3;1;1
"194";0,4;0;0,6;0;1
"195";0,4;0,4;0,2;1;1
"196";0,3;0,3;0,1;0;1
"197";0,3;0;0,7;0;1
"198";0,2;0,5;0;1;1
"199";0,5;0,3;0;1;1
"200";0,9;0,1;0;1;1
"201";0,5;0,3;0,1;1;1
"202";0,2;0,5;0,3;1;1
"203";0,7;0,3;0;1;1
"204";0,7;0,1;0,2;1;1
"205";0,1;0,9;0;0;1
"206";0,1;0,7;0,2;0;1
"207";0;1;0;0;1
"208";0;1;0;0;1
"209";0;0,8;0,2;0;1
"210";0,2;0,7;0,1;0;1
"211";0,1;0,8;0;0;1
"212";0,3;0,4;0,2;1;1
"213";0,3;0,2;0,4;1;1
"214";0,5;0,2;0,2;1;1
"215";0,3;0,4;0,2;1;1
"216";0,8;0,1;0;1;1
"217";1;0;0;1;1
"218";0,5;0,4;0,1;1;1
"219";0,3;0;0,7;0;1
"220";0,4;0;0,6;0;1
"221";0,1;0,8;0,1;0;1
"222";0;0,3;0,6;0;1
"223";0,1;0,6;0,2;0;1
"224";0,2;0,5;0,3;0;1
"225";0;0,1;0,3;0;1
"226";0,2;0;0;0;1
"227";0;0,2;0,3;0;1
"228";0,2;0,7;0;1;1
"229";0,3;0,6;0,1;0;1
"230";0,2;0,2;0,3;0;1
"231";0,3;0;0,2;0;1
"232";0,1;0,3;0,2;0;1
"233";0,2;0,2;0,5;0;1
"234";0,2;0,4;0,2;0;1
"235";0,1;0,1;0;0;1
"236";0;0,2;0,1;0;1
"237";0,3;0,7;0;0;1
"238";0;0,1;0,3;0;1
"239";0,1;0,9;0;0;1
"240";0,2;0,8;0;1;1
"241";0,2;0,8;0;0;1
"242";0,1;0,4;0,5;0;1
"243";0;0,7;0,1;0;1
"244";0;0,9;0,1;1;1
"245";0,2;0,7;0,1;1;1
"246";0,6;0,4;0;1;1
"247";0,2;0,8;0;1;1
"248";0,3;0,4;0,3;1;1
"249";0,4;0,4;0,2;1;1
"250";0,2;0,6;0,1;1;1
"251";0;0,9;0,1;0;1
"252";0,4;0,5;0,1;1;1
"253";0,6;0,1;0,3;0;1
"254";0,2;0,3;0,5;0;1
"255";0,1;0,6;0,2;0;1
"256";0;0,6;0,4;0;1
"257";0,3;0,2;0,3;0;1
"258";0,9;0;0,1;1;1
"259";0,5;0,1;0,3;1;1
"260";0,6;0,2;0,1;1;1
"261";0,6;0,2;0,1;1;1
"262";0;0,8;0,1;1;1
"263";0,1;0,4;0,5;0;1
"264";0,5;0,2;0;1;1
"265";0,3;0,1;0,3;0;1
"266";0,8;0,2;0;1;1
"267";0,6;0,1;0;1;1
"268";0,3;0,4;0,3;0;1
"269";0,3;0,5;0,1;0;1
"270";0,5;0,4;0;1;1
"271";0,1;0,6;0;1;1
"272";0;1;0;0;1
"273";0,2;0,6;0;0;1
"274";0,4;0,4;0,2;1;1
"275";0,1;0,4;0,5;0;1
"276";0,2;0,2;0,1;1;1
"277";0,9;0,1;0;0;1
"278";0,6;0,3;0;1;1
"279";1;0;0;0;1
"280";1;0;0;1;1
"281";0,5;0,1;0,2;0;1
"282";0,3;0,4;0,2;0;1
"283";0,3;0,5;0;1;1
"284";0,9;0,1;0;0;1
"285";0,4;0,5;0;1;1
"286";0,7;0,2;0,1;1;1
"287";0,6;0;0,3;1;1
"288";0;0,6;0,3;0;1
"289";0,2;0,6;0,2;1;1
"290";0,1;0,9;0;0;1
"291";0;0;1;0;1
"292";0,1;0,6;0,3;0;1
"293";0,3;0,2;0,4;0;1
"294";0,2;0;0,7;1;1
"295";0,1;0,6;0,1;1;1
"296";0,1;0,6;0,2;0;1
"297";0;0,7;0,2;0;1
"298";0,1;0,6;0,2;1;1
"299";0,1;0,1;0,2;0;1
"300";0,8;0,1;0;1;1
"301";0,1;0,4;0,1;0;1
"302";0,4;0,5;0;0;1
"303";0,1;0,4;0,3;0;1
"304";0,1;0,5;0,1;0;1
"305";0,7;0,1;0,2;1;1
"306";0,7;0,1;0,2;1;1
"307";0;0,8;0,2;0;1
"308";0,1;0,9;0;1;1
"309";0;0,7;0,3;0;1
"310";0,2;0,4;0,2;1;1
"311";0,7;0,2;0;1;1
"312";0,4;0,2;0,3;0;1
"313";0,2;0,2;0,2;0;1
"314";0,2;0,2;0,3;0;1
"315";0,3;0;0,5;1;1
"316";0,3;0,4;0,2;1;1
"317";0,3;0,1;0,4;0;1
"318";0,1;0,4;0,2;1;1
"319";0,2;0,5;0,2;1;1
"320";0,7;0,1;0,1;1;1
"321";0,5;0,1;0,3;1;1
"322";0;1;0;0;1
"323";0,4;0,2;0,3;0;1
"324";0,3;0,1;0,5;1;1
"325";0,2;0,5;0,1;0;1
"326";0,2;0,3;0,2;1;1
"327";0,4;0,6;0;1;1
"328";0,1;0,9;0;0;1
"329";0,2;0,2;0,5;0;1
"330";0,3;0,5;0;1;1
"331";0,4;0,2;0,3;1;1
"332";0,9;0;0,1;1;1
"333";0,8;0,1;0;1;1
"334";1;0;0;0;1
"335";0,1;0,8;0,1;1;1
"336";0,6;0,1;0,2;1;1
"337";0,7;0,2;0;1;1
"338";0;0,2;0,3;1;1
"339";0,3;0,2;0,3;1;1
"340";0,3;0,7;0;1;1
"341";0,2;0,5;0,3;0;1
"342";0,5;0,2;0,3;0;1
"343";0,8;0;0;0;1
"344";0,3;0,2;0,4;1;1
"345";0,1;0,9;0;1;1
"346";0,4;0,6;0;1;1
"347";0,2;0,6;0,2;1;1
"348";0;0,1;0,8;1;1
"349";0,7;0;0,3;0;1
"350";1;0;0;1;1
"351";0,4;0,4;0;0;1
"352";0,4;0,2;0,3;1;1
"353";0,6;0,4;0;1;1
"354";0,9;0;0;0;1
"355";0,4;0,5;0,1;0;1
"356";0,4;0,6;0;0;1
"357";0,7;0,3;0;0;1
"358";0,6;0,4;0;1;1
"359";0,3;0,3;0,4;1;1
"360";0,4;0,5;0,1;1;1
"361";0,3;0,5;0,2;0;1
"362";0;0,9;0;0;1
"363";0,2;0,4;0,4;1;1
"364";0,7;0,1;0,2;0;1
"365";0,6;0,2;0,2;1;1
"366";0,1;0,6;0,3;1;1
"367";0;0,3;0,7;1;1
"368";0,1;0,1;0,8;0;1
"369";0,4;0,2;0,4;1;1
"370";0;0,6;0,3;0;1
"371";0;0,5;0,4;0;1
"372";0,1;0,4;0,2;0;1
"373";0,3;0,5;0;0;1
"374";0,6;0,3;0,1;1;1
"375";0,6;0,3;0,1;1;1
"376";0;1;0;1;1
"377";0,6;0,1;0,3;0;1
"378";0,5;0,1;0,4;0;1
"379";0,6;0,1;0,3;1;1
"380";0,5;0,2;0,3;1;1
"381";0,7;0;0;1;1
"382";0,5;0,3;0,1;1;1
"383";0,5;0,4;0,1;1;1
"384";0,3;0,2;0,2;1;1
"385";0,9;0,1;0;1;1
"386";0,8;0,2;0;1;1
"387";0,8;0;0,2;1;1
"388";0,5;0,2;0,2;0;1
"389";0,5;0;0,1;1;1
"390";0,9;0;0;1;1
"391";0,3;0,3;0,4;0;1
"392";0,4;0,6;0;1;1
"393";0,2;0,6;0,2;0;1
"394";0,1;0,9;0;1;1
"395";0,1;0,8;0,1;1;1
"396";0,3;0,6;0,1;1;1
"397";0,1;0,9;0;1;1
"398";0,2;0,8;0;1;1
"399";0,3;0,4;0,3;0;1
"400";0,1;0,8;0,1;1;1
"401";0,1;0,7;0,2;1;1
"402";0,6;0,4;0;1;1
"403";0,3;0,7;0;1;1
"404";0,2;0,6;0,1;1;1
"405";0,1;0,9;0;1;1
"406";0,3;0,7;0;1;1
"407";0,1;0,3;0,4;0;1
"408";0,3;0,6;0,1;0;1
"409";0,1;0,6;0,3;1;1
"410";0,1;0,4;0,3;1;1
"411";0;0,1;0,7;0;1
"412";0,3;0,1;0,2;0;1
"413";0,3;0,2;0,2;1;1
"414";0,1;0,7;0,1;1;1
"415";0,1;0,6;0,2;1;1
"416";0,3;0,1;0,4;0;1
"417";0;0,7;0,1;1;1
"418";0,2;0,1;0,4;0;1
"419";0,2;0,2;0,3;1;1
"420";0,3;0,3;0,1;0;1
"421";0,2;0,2;0,5;1;1
"422";0,3;0,6;0;1;1
"423";0,2;0,6;0;1;1
"424";0,1;0;0,1;0;1
"425";0,7;0,2;0;1;1
"426";0,1;0,8;0;0;1
"427";0,3;0,7;0;1;1
"428";0;0,7;0,2;0;1
"429";0,4;0,1;0,4;1;1
"430";0,4;0,2;0,3;1;1
"431";0,2;0,5;0;0;1
"432";0,2;0,5;0,1;1;1
"433";0,5;0,4;0;0;1
"434";0,2;0,2;0,3;1;1
"435";0,4;0,4;0;0;1
"436";0,3;0,6;0,1;1;1
"437";0;0,6;0,4;1;1
"438";0,1;0,6;0,3;1;1
"439";0;0,6;0,4;0;1
"440";0;0,9;0,1;1;1
"441";0,1;0,5;0,4;0;1
"442";0,1;0,4;0,5;0;1
"443";0,1;0,8;0;1;1
"444";0;0,7;0,2;1;1
"445";0,8;0;0,1;1;1
"446";1;0;0;1;1
"447";0,8;0,1;0,1;0;1
"448";0,3;0,5;0,2;1;1
"449";0;1;0;0;1
"450";0,5;0,3;0,2;1;1
"451";0,2;0,4;0,4;1;1
"452";0,2;0,4;0,4;1;1
"453";0,4;0,4;0,2;1;1
"454";0,1;0,4;0,5;1;1
"455";0,6;0,2;0,2;1;1
"456";0;0,2;0,8;0;1
"457";0,3;0,4;0,2;0;1
"458";0,1;0,4;0,4;0;1
"459";0,4;0;0,4;1;1
"460";0,6;0;0,4;0;1
"461";0,6;0,2;0,2;1;1
"462";0,4;0,5;0,1;0;1
"463";0,1;0,1;0,8;0;1
"464";0,5;0,4;0;1;1
"465";0,3;0,2;0,4;0;1
"466";0,4;0,3;0;1;1
"467";0,2;0,1;0,5;0;1
"468";0;0,1;0;0;1
"469";0,5;0,1;0,4;1;1
"470";0,6;0,2;0,1;1;1
"471";0,2;0,3;0,1;0;1
"472";0,3;0,7;0;1;1
"473";0,4;0,4;0,2;0;1
"474";0,1;0,4;0,4;1;1
"475";0,2;0,5;0,2;0;1
"476";0,2;0,5;0,3;0;1
"477";0,2;0,3;0,5;0;1
"478";0,1;0,2;0,7;1;1
"479";0,9;0;0,1;1;1
"480";0,1;0,5;0,3;1;1
"481";0;1;0;0;1
"482";0,2;0,1;0,7;1;1
"483";0,1;0,6;0,1;1;1
"484";0,1;0,7;0,1;0;1
"485";0,2;0,7;0,1;1;1
"486";0,4;0,4;0,2;1;1
"487";0,4;0,3;0,1;0;1
"488";0;0,6;0,4;1;1
"489";0,5;0,2;0,3;0;1
"490";0,4;0,3;0,3;1;1
"491";0,2;0,2;0,5;0;1
"492";0,4;0;0,6;1;1
"493";0,3;0,1;0,5;0;1
"494";0,4;0,1;0,3;1;1
"495";0,3;0,1;0,4;0;1
"496";0,2;0,4;0,2;1;1
"497";0,4;0,5;0,1;0;1
"498";0;0,9;0,1;1;1
"499";0,3;0,4;0,1;1;1
"500";0,4;0,1;0,3;1;1
"501";0,3;0,3;0,4;0;1
"502";0,2;0,5;0,3;1;1
"503";0,4;0,4;0,2;0;1
"504";0;0,8;0,2;0;1
"505";0,2;0,4;0,4;0;1
"506";0,5;0,2;0,3;1;1
"507";0,4;0,3;0,2;0;1
"508";0,1;0,7;0,1;0;1
"509";0;0,1;0,8;0;1
"510";0,6;0,4;0;0;1
"511";0,6;0,1;0;1;1
"512";0,5;0,4;0,1;1;1
"513";0,8;0,2;0;1;1
"514";0,9;0;0,1;1;1
"515";0,4;0,5;0;1;1
"516";0,7;0,2;0,1;1;1
"517";0,9;0;0,1;1;1
"518";0,3;0,4;0;0;1
"519";0,3;0,6;0,1;1;1
"520";0,3;0,5;0,2;0;1
"521";0,2;0,3;0,4;0;1
"522";0,1;0,7;0,1;1;1
"523";0;0,6;0,4;1;1
"524";0,5;0,2;0,3;0;1
"525";0,5;0,3;0,2;0;1
"526";0;0;1;0;1
"527";0,1;0,3;0,3;1;1
"528";0,5;0,4;0,1;0;1
"529";0,4;0,4;0,1;0;1
"530";0,3;0,4;0,1;1;1
"531";0,4;0,2;0,2;1;1
"532";0,1;0,4;0;1;1
"533";0,6;0,2;0,1;0;1
"534";0,1;0,5;0,3;1;1
"535";0,5;0,3;0,1;0;1
"536";0,4;0,3;0,2;0;1
"537";0,3;0,5;0,1;1;1
"538";0,5;0,3;0,1;0;1
"539";0;0,5;0,2;1;1
"540";0,4;0,1;0,2;1;1
"541";0,2;0,7;0;1;1
"542";0,3;0,2;0,5;1;1
"543";0;1;0;0;1
"544";0;1;0;1;1
"545";0,3;0,6;0,1;0;1
"546";0,6;0,1;0,3;1;1
"547";0,3;0,4;0,2;1;1
"548";0,4;0,2;0,1;1;1
"549";0,1;0,4;0,2;0;1
"550";0,5;0,2;0,1;0;1
"551";0,5;0,2;0,1;0;1
"552";1;0;0;1;1
"553";1;0;0;0;1
"554";0,3;0,7;0;1;1
"555";0,2;0;0,6;0;1
"556";0,1;0;0,8;0;1
"557";0,1;0;0,7;0;1
"558";0;0,8;0,2;1;1
"559";0,2;0;0,4;0;1
"560";0,9;0;0,1;1;1
"561";0,7;0,1;0,2;1;1
"562";0,4;0,2;0,4;0;1
"563";0,4;0,3;0,2;1;1
"564";0,3;0,3;0,3;0;1
"565";0,5;0,2;0,2;0;1
"566";0,3;0,2;0,4;0;1
"567";0,1;0,8;0,1;1;1
"568";0,4;0,3;0,2;1;1
"569";0,7;0,3;0;1;1
"570";0,5;0,2;0,3;0;1
"571";0,2;0,2;0,3;1;1
"572";0,6;0,1;0,1;1;1
"573";0,5;0,4;0,1;1;1
"574";0,3;0;0,7;1;1
"575";0,2;0,7;0,1;0;1
"576";0;1;0;1;1
"577";0,4;0,3;0,1;1;1
"578";0;1;0;0;1
"579";0,6;0,1;0,1;0;1
"580";0,2;0,3;0,5;1;1
"581";0,6;0,2;0,1;1;1
"582";0,4;0,5;0,1;0;1
"583";0,2;0,4;0,4;1;1
"584";0,2;0,3;0,3;0;1
"585";0,1;0,4;0,4;0;1
"586";0,2;0,2;0,5;1;1
"587";0,4;0,2;0,2;1;1
"588";0,6;0,3;0,1;1;1
"589";0,2;0,5;0;0;1
"590";0,2;0,2;0,5;0;1
"591";0,1;0;0,8;0;1
"592";0;1;0;1;1
"593";0,1;0,6;0;0;1
"594";0,1;0,4;0,1;0;1
"595";0,1;0,7;0;0;1
"596";0;0;0,8;0;1
"597";0,5;0,1;0,4;1;1
"598";0,6;0,3;0,1;0;1
"599";0,3;0,6;0,1;1;1
"600";0,5;0,2;0,2;1;1
"601";0,3;0,7;0;0;1
"602";0,3;0,6;0,1;1;1
"603";0,2;0,7;0,1;1;1
"604";0,4;0,3;0,3;1;1
"605";0,3;0,5;0,2;1;1
"606";0;0,6;0,1;0;1
"607";0,5;0,4;0,1;1;1
"608";0,8;0;0,1;1;1
"609";0,4;0,4;0,2;0;1
"610";0,3;0,2;0,1;0;1
"611";0,5;0,3;0,2;1;1
"612";0,4;0,3;0,2;1;1
"613";0,5;0,4;0,1;0;1
"614";0,5;0,2;0,3;0;1
"615";0,6;0,1;0,1;1;1
"616";0,4;0,2;0,3;1;1
"617";0,3;0,2;0,1;1;1
"618";0,4;0,3;0,1;0;1
"619";0,2;0,4;0;1;1
"620";0,4;0,1;0,1;0;1
"621";0,2;0,4;0,1;0;1
"622";0,4;0,3;0,1;1;1
"623";0,1;0,5;0,1;1;1
"624";0,2;0,8;0;0;1
"625";0,3;0,1;0,4;0;1
"626";0,3;0,7;0;0;1
"627";0,1;0,7;0,1;0;1
"628";0,5;0,2;0,3;1;1
"629";0,2;0,2;0,5;1;1
"630";0,7;0;0,2;0;1
"631";0,4;0;0,6;0;1
"632";0,3;0,3;0,3;0;1
"633";0,4;0,1;0,4;0;1
"634";0,2;0,1;0,5;1;1
"635";0;0,1;0;1;1
"636";0,4;0,1;0,3;1;1
"637";0,8;0,1;0;0;1
"638";0,6;0,4;0;1;1
"639";0,1;0,9;0;0;1
"640";0,5;0,4;0,1;1;1
"641";1;0;0;1;1
"642";0,3;0,7;0;1;1
"643";0,7;0;0,2;1;1
"644";1;0;0;1;1
"645";0,3;0,3;0,3;0;1
"646";0,4;0,6;0;0;1
"647";0,6;0,2;0,1;1;1
"648";0,2;0,6;0,1;1;1
"649";0,6;0,3;0,1;1;1
"650";0,2;0,3;0,5;0;1
"651";0,4;0;0,5;0;1
"652";0;0,1;0,9;0;1
"653";0,1;0;0,3;0;1
"654";0;0,3;0,5;0;1
"655";0;0,8;0,2;1;1
"656";0,1;0,9;0;0;1
"657";0;0,9;0,1;1;1
"658";0;0,5;0,3;1;1
"659";0,3;0,4;0,2;1;1
"660";0,3;0;0,7;0;1
"661";0,3;0,3;0,3;1;1
"662";0;0,6;0;1;1
"663";0,3;0,7;0;0;1
"664";0,7;0,1;0,2;0;1
"665";0,6;0,2;0,2;0;1
"666";0,9;0,1;0;1;1
"667";0,2;0;0,8;1;1
"668";0,3;0;0,7;1;1
"669";0,5;0,3;0,1;1;1
"670";0,5;0,5;0;0;1
"671";0,5;0,5;0;0;1
"672";0;0,4;0,3;1;1
"673";0,1;0,7;0,1;0;1
"674";0,3;0,7;0;1;1
"675";0,3;0,7;0;0;1
"676";0,1;0,8;0;0;1
"677";0,3;0,1;0,5;1;1
"678";0,3;0,2;0,4;1;1
"679";0,4;0,4;0,2;1;1
"680";0,1;0,7;0,1;0;1
"681";0;1;0;0;1
"682";0,1;0,9;0;0;1
"683";0;1;0;0;1
"684";0;1;0;1;1
"685";0;0,1;0,9;0;1
"686";0,4;0;0,5;0;1
"687";0,2;0,6;0,1;1;1
"688";0,3;0,2;0,4;0;1
"689";0,2;0;0,2;0;1
"690";0,3;0,3;0,2;1;1
"691";0,3;0,2;0,5;0;1
"692";0,1;0,2;0,3;0;1
"693";0,1;0,2;0,4;0;1
"694";0;0,6;0,1;1;1
"695";0,5;0,3;0,2;1;1
"696";0,1;0,9;0;0;1
"697";0,1;0,6;0,3;0;1
"698";0;1;0;0;1
"699";0;1;0;0;1
"700";0,1;0,8;0;0;1
"701";0,1;0,9;0;0;1
"702";0,3;0,7;0;1;1
"703";0;0,9;0;1;1
"704";0,6;0,1;0,3;0;1
"705";0,3;0,3;0,2;0;1
"706";0,3;0,4;0,3;0;1
"707";0,2;0,5;0,3;0;1
"708";0,5;0,3;0,1;0;1
"709";0,3;0,4;0,3;0;1
"710";0,2;0,4;0,4;0;1
"711";0,2;0,5;0,3;0;1
"712";0,8;0,1;0,1;1;1
"713";0,7;0;0,2;1;1
"714";0,5;0,3;0,2;1;1
"715";0;0,1;0,8;1;1
"716";0,2;0,2;0,6;1;1
"717";0,2;0;0,7;1;1
"718";0,1;0;0,4;1;1
"719";0,2;0,6;0,1;1;1
"720";0,5;0,2;0,2;1;1
"721";0,4;0;0,2;1;1
"722";0,6;0,1;0;1;1
"723";0,5;0,3;0,1;0;1
"724";0,7;0;0,3;1;1
"725";0,1;0,3;0,1;1;1
"726";0,5;0,2;0,2;1;1
"727";0;1;0;0;1
"728";0;0,9;0;0;1
"729";0;1;0;0;1
"730";0,4;0,4;0,2;1;1
"731";0,1;0,3;0,4;0;1
"732";0,2;0,3;0,1;1;1
"733";0,5;0,5;0;1;1
"734";0,2;0,5;0;0;1
"735";0,2;0,7;0;1;1
"736";0,3;0,3;0,3;1;1
"737";0,8;0;0;1;1
"738";0,3;0,3;0,3;0;1
"739";0,6;0,2;0;1;1
"740";0,8;0,2;0;1;1
"741";0,8;0,2;0;1;1
"742";0,5;0,5;0;1;1
"743";0,4;0,4;0,1;1;1
"744";0,3;0,5;0,2;1;1
"745";0,6;0;0,4;0;1
"746";0,2;0,2;0,6;0;1
"747";0,2;0;0,7;0;1
"748";0,9;0,1;0;0;1
"749";0,6;0,3;0,1;1;1
"750";1;0;0;0;1
"751";0,4;0,1;0,2;0;1
"752";0,5;0,4;0,1;0;1
"753";0;0,6;0,2;0;1
"754";0,3;0,7;0;1;1
"755";0;1;0;1;1
"756";0,1;0,7;0,2;1;1
"757";0,2;0,5;0,2;1;1
"758";0;0,6;0,4;1;1
"759";0;0,1;0,9;0;1
"760";0,3;0,2;0,3;0;1
"761";0;0,2;0,7;0;1
"762";0,2;0,3;0,4;0;1
"763";0,1;0,3;0,3;1;1
"764";0;0,6;0,4;0;1
"765";0,4;0,1;0,4;0;1
"766";0,2;0,3;0,1;1;1
"767";0,3;0,4;0,2;0;1
"768";0,3;0,1;0,3;0;1
"769";0,8;0,1;0,1;1;1
"770";0,3;0,4;0;1;1
"771";0,1;0,6;0,1;1;1
"772";0,1;0,9;0;1;1
"773";0,3;0,4;0,2;1;1
"774";0,1;0,3;0,5;0;1
"775";0,1;0,5;0,3;0;1
"776";0,2;0,4;0,2;0;1
"777";0,2;0,4;0,3;0;1
"778";0,5;0,3;0;1;1
"779";0,4;0,4;0,2;1;1
"780";0,4;0,4;0,2;0;1
"781";0,5;0,3;0,2;1;1
"782";0,1;0,5;0;1;1
"783";0,3;0,4;0,3;0;1
"784";0,3;0,5;0,2;0;1
"785";0,2;0,3;0,4;0;1
"786";0,1;0,2;0,4;0;1
"787";0,1;0,7;0,1;1;1
"788";0,2;0,5;0,2;0;1
"789";0,6;0,1;0,3;1;1
"790";0,5;0,3;0,2;1;1
"791";0,6;0,3;0;1;1
"792";0,7;0;0,3;0;1
"793";0,5;0,5;0;0;1
"794";0,1;0,5;0,2;1;1
"795";0,4;0,4;0,2;0;1
"796";0;1;0;1;1
"797";0,4;0,4;0,1;1;1
"798";0,4;0,2;0,4;0;1
"799";0,4;0,3;0,3;0;1
"800";0,1;0,2;0,7;0;1
"801";0,4;0,2;0,3;0;1
"802";0,1;0,2;0,5;0;1
"803";0,5;0,2;0,2;1;1
"804";0,3;0,4;0;0;1
"805";0,1;0,7;0,1;1;1
"806";0,1;0,2;0,4;1;1
"807";0,3;0,1;0,4;1;1
"808";0,1;0,9;0;1;1
"809";0,2;0,3;0,3;0;1
"810";0,5;0,1;0,2;1;1
"811";0,2;0,2;0,3;0;1
"812";0,5;0,1;0,2;0;1
"813";0,4;0,4;0;0;1
"814";0;0,9;0;0;1
"815";0;0,6;0,2;0;1
"816";0,8;0;0;1;1
"817";0,4;0,5;0,1;1;1
"818";0,8;0,2;0;1;1
"819";0,6;0,3;0,1;0;1
"820";1;0;0;1;1
"821";0,9;0;0;0;1
"822";0,7;0,3;0;0;1
"823";0,8;0,1;0,1;0;1
"824";0,2;0,5;0,2;1;1
"825";0;0,8;0,2;0;1
"826";0;0,3;0,4;0;1
"827";0,1;0,5;0,3;0;1
"828";0,4;0,2;0,4;0;1
"829";0;0,5;0,5;1;1
"830";0;0;1;1;1
"831";0,3;0,3;0,1;0;1
"832";0,2;0,4;0,1;1;1
"833";0,8;0,1;0;1;1
"834";0,4;0,2;0,2;0;1
"835";0;0,3;0,6;0;1
"836";0,4;0,2;0,3;1;1
"837";0,7;0,1;0;0;1
"838";0,1;0,9;0;0;1
"839";0,4;0,5;0,1;1;1
"840";0;1;0;1;1
"841";0,1;0,2;0,1;1;1
"842";0,4;0;0,4;1;1
"843";0,8;0;0;0;1
"844";0,3;0,4;0,3;1;1
"845";0,5;0,3;0,2;0;1
"846";0,5;0,3;0,1;1;1
"847";0,1;0,6;0,2;0;1
"848";0,4;0,3;0,3;1;1
"849";0,4;0,3;0,3;0;1
"850";0,5;0,1;0,4;0;1
"851";0,5;0,1;0,3;0;1
"852";0,8;0,1;0;0;1
"853";0,4;0,1;0,5;0;1
"854";0,1;0,1;0,8;0;1
"855";0,1;0,2;0,7;0;1
"856";0,1;0,7;0,1;1;1
"857";0,6;0;0,2;1;1
"858";0,7;0,2;0;0;1
"859";0,4;0,1;0,3;1;1
"860";0,3;0,7;0;1;1
"861";0,6;0,2;0;0;1
"862";0,8;0,1;0,1;0;1
"863";0,4;0;0,6;1;1
"864";0,3;0,7;0;0;1
"865";0,2;0,4;0,3;0;1
"866";0,1;0,6;0,1;0;1
"867";0;1;0;0;1
"868";0,4;0,5;0,1;1;1
"869";0,2;0,3;0,3;1;1
"870";0,2;0,8;0;0;1
"871";0,3;0,3;0,4;1;1
"872";0,3;0,6;0,1;0;1
"873";0,3;0,3;0,3;1;1
"874";0,1;0,2;0,4;1;1
"875";0,6;0,2;0,1;1;1
"876";0,3;0,5;0,1;1;1
"877";0,2;0,3;0,4;1;1
"878";0,6;0,1;0,3;1;1
"879";0,6;0,2;0,2;1;1
"880";0,2;0,8;0;1;1
"881";0;1;0;0;1
"882";0,3;0,3;0,2;1;1
"883";0,3;0,7;0;0;1
"884";0,1;0,3;0,6;1;1
"885";0,3;0,1;0,4;1;1
"886";0,4;0,5;0;0;1
"887";0,4;0,1;0,1;1;1
"888";0,3;0,2;0,2;1;1
"889";0,3;0,4;0,2;0;1
"890";0,8;0,1;0;0;1
"891";0,6;0,2;0,2;1;1
"892";0,8;0;0;1;1
"893";0,6;0,2;0,1;1;1
"894";0,8;0,2;0;1;1
"895";0;0,9;0,1;0;1
"896";0,4;0,4;0;0;1
"897";0,2;0,5;0,2;1;1
"898";0;1;0;0;1
"899";0,3;0,3;0,1;0;1
"900";0,3;0;0,3;1;1
"901";0,7;0,2;0,1;1;1
"902";0,4;0,1;0,5;1;1
"903";0,3;0,1;0;1;1
"904";0,5;0,3;0;1;1
"905";0,5;0,5;0;1;1
"906";0,3;0,6;0;1;1
"907";0,4;0;0;1;1
"908";0,4;0,2;0,2;1;1
"909";0,1;0,3;0,5;1;1
"910";0,2;0,4;0,1;0;1
"911";0,2;0,7;0;0;1
"912";0;0,5;0,3;1;1
"913";0,1;0,7;0,2;0;1
"914";0;0,5;0,2;0;1
"915";0,1;0,8;0,1;0;1
"916";0;0,4;0,5;0;1
"917";0,1;0,6;0,2;0;1
"918";0,3;0,3;0,3;0;1
"919";0,4;0,4;0;1;1
"920";0,9;0;0,1;1;1
"921";0,3;0,2;0,4;1;1
"922";0,9;0;0,1;1;1
"923";0,1;0,7;0,2;1;1
"924";0,1;0,8;0,1;0;1
"925";0;1;0;0;1
"926";0,2;0,5;0,3;1;1
"927";0,1;0;0,9;0;1
"928";0,4;0,3;0,3;0;1
"929";0,1;0,2;0,6;0;1
"930";0,3;0,4;0,2;0;1
"931";0,4;0;0,5;0;1
"932";0,3;0;0,5;0;1
"933";0;0,4;0,5;0;1
"934";0,5;0,4;0,1;1;1
"935";0,2;0,4;0,4;0;1
"936";0,1;0,3;0,2;0;1
"937";0,3;0,4;0,2;1;1
"938";0,3;0,2;0,4;1;1
"939";0,4;0,1;0,4;1;1
"940";0,4;0,3;0,2;0;1
"941";0,3;0,4;0,1;0;1
"942";1;0;0;1;1
"943";0,7;0,3;0;1;1
"944";0,5;0,5;0;1;1
"945";0,4;0;0,3;0;1
"946";0,6;0,1;0,3;0;1
"947";0,6;0,1;0,3;1;1
"948";0,7;0,3;0;0;1
"949";0,8;0,2;0;0;1
"950";0,3;0,3;0,4;0;1
"951";0;0,1;0,9;0;1
"952";0,3;0,4;0,3;1;1
"953";0,5;0,3;0,1;1;1
"954";0,1;0,8;0,1;0;1
"955";0,2;0,8;0;0;1
"956";0;1;0;0;1
"957";0;1;0;1;1
"958";0,3;0,3;0,2;0;1
"959";0;0,3;0,6;0;1
"960";0,1;0,3;0,6;1;1
"961";0,1;0,3;0,5;1;1
"962";0,2;0,3;0,3;0;1
"963";0,2;0,4;0,2;0;1
"964";0,2;0,3;0,4;1;1
"965";0,2;0,8;0;1;1
"966";0,2;0,6;0,2;0;1
"967";0,3;0,7;0;1;1
"968";0,3;0,1;0,4;0;1
"969";0,7;0;0,2;0;1
"970";0,3;0,4;0,3;1;1
"971";0,3;0,3;0,3;1;1
"972";0,2;0,3;0,4;0;1
"973";0;0,4;0,1;0;1
"974";0,8;0,1;0;1;1
"975";0,4;0,4;0;1;1
"976";0,2;0,5;0,2;0;1
"977";0,3;0,3;0,2;0;1
"978";0,3;0;0,3;0;1
"979";0,5;0,4;0,1;1;1
"980";0,2;0,4;0,1;0;1
"981";0,1;0,9;0;0;1
"982";0,3;0,6;0;1;1
"983";0,3;0,5;0,1;1;1
"984";0,3;0;0,2;1;1
"985";0,2;0,7;0;1;1
"986";0,1;0,1;0,6;1;1
"987";0,2;0,5;0;1;1
"988";0,7;0;0,3;1;1
"989";0,6;0,3;0,1;0;1
"990";0,1;0,4;0,5;0;1
"991";0,6;0,2;0,2;1;1
"992";0,2;0,2;0,6;1;1
"993";0,1;0,2;0,2;0;1
"994";0,1;0,1;0,8;1;1
"995";0,7;0;0,2;1;1
"996";0,4;0,3;0;1;1
"997";0,5;0,3;0;1;1
"998";0,3;0,4;0,2;0;1
"999";0,3;0,2;0,3;1;1
"1000";0,6;0,1;0;1;1
"1001";0,4;0,3;0,2;1;1
"1002";0,7;0,2;0,1;0;1
"1003";0,6;0,3;0,1;1;1
"1004";0,5;0,4;0,1;0;1
"1005";0,2;0,4;0,3;0;1
"1006";0,2;0,4;0,3;0;1
"1007";0,1;0,5;0,3;0;1
"1008";0,3;0,2;0,4;0;1
"1009";0,2;0;0,8;1;1
"1010";0,3;0,3;0,4;0;1
"1011";0,2;0,3;0,3;0;1
"1012";0,1;0,5;0,3;0;1
"1013";0,5;0,4;0,1;1;1
"1014";0;0,1;0,9;0;1
"1015";0,2;0,4;0,3;0;1
"1016";0,9;0;0;1;1
"1017";0,7;0,1;0,2;0;1
"1018";0;1;0;0;1
"1019";0,2;0,2;0,1;1;1
"1020";0,6;0,2;0;1;1
"1021";0,4;0,2;0,3;0;1
"1022";0,1;0,6;0,1;0;1
"1023";0,6;0,2;0,2;1;1
"1024";0,6;0,3;0,1;0;1
"1025";0,2;0,5;0,2;0;1
"1026";0;1;0;0;1
"1027";0,3;0,1;0,4;0;1
"1028";0,3;0,6;0,1;0;1
"1029";0,2;0,5;0,3;0;1
"1030";0,6;0,2;0;1;1
"1031";0,5;0,3;0,2;0;1
"1032";0,2;0,8;0;1;1
"1033";0;1;0;0;1
"1034";0,3;0,5;0,2;1;1
"1035";0,6;0,1;0,3;1;1
"1036";0,3;0,7;0;0;1
"1037";0,1;0,7;0,2;0;1
"1038";0,1;0,7;0,2;1;1
"1039";0,3;0,6;0,1;0;1
"1040";0,2;0,6;0,2;0;1
"1041";0,4;0,5;0,1;1;1
"1042";0,3;0,1;0,6;1;1
"1043";0,1;0,8;0;0;1
"1044";0,4;0,5;0,1;0;1
"1045";0,4;0,2;0,3;1;1
"1046";0,4;0,6;0;1;1
"1047";0,2;0,4;0,4;0;1
"1048";0,2;0;0,8;0;1
"1049";0,1;0,5;0,1;1;1
"1050";0,5;0;0,2;0;1
"1051";0,2;0,3;0,5;1;1
"1052";0;1;0;0;1
"1053";1;0;0;1;1
"1054";0,8;0,1;0,1;1;1
"1055";0,1;0,7;0,1;1;1
"1056";0,1;0,5;0,3;1;1
"1057";0,2;0;0,2;0;1
"1058";0,5;0;0,4;1;1
"1059";1;0;0;1;1
"1060";0,2;0,3;0,2;0;1
"1061";1;0;0;0;1
"1062";0,2;0,7;0,1;1;1
"1063";0;1;0;0;1
"1064";0;0;0,9;1;1
"1065";0,1;0;0,3;0;1
"1066";0;0;1;1;1
"1067";0,1;0,2;0,7;1;1
"1068";0,5;0,1;0,1;1;1
"1069";0,2;0,3;0,2;0;1
"1070";0,3;0,1;0;1;1
"1071";0,4;0;0,1;0;1
"1072";0,8;0;0,2;0;1
"1073";0,4;0,3;0,3;1;1
"1074";0,9;0,1;0;0;1
"1075";0,4;0,3;0;0;1
"1076";0,8;0,1;0,1;1;1
"1077";0,1;0,9;0;0;1
"1078";0,3;0,7;0;1;1
"1079";0,2;0,8;0;1;1
"1080";0;1;0;0;1
"1081";0,2;0,6;0,2;1;1
"1082";0,5;0,4;0,1;1;1
"1083";0,3;0,2;0,5;0;1
"1084";0,3;0,6;0,1;1;1
"1085";0,3;0,1;0,6;0;1
"1086";0,5;0,1;0,1;0;1
"1087";0,7;0;0,3;1;1
"1088";0,4;0,4;0,2;0;1
"1089";0,5;0,5;0;0;1
"1090";0,3;0,6;0,1;1;1
"1091";0,2;0,3;0,5;0;1
"1092";0,1;0,4;0,4;1;1
"1093";0,4;0,2;0,4;0;1
"1094";0;0;1;0;1
"1095";1;0;0;1;1
"1096";0,8;0;0,1;0;1
"1097";0,6;0,3;0,1;0;1
"1098";0,5;0,4;0;1;1
"1099";0,7;0,3;0;0;1
"1100";1;0;0;0;1
"1101";0;1;0;1;1
"1102";0,6;0,4;0;1;1
"1103";0,5;0,4;0,1;0;1
"1104";0,5;0,5;0;0;1
"1105";0,2;0,8;0;1;1
"1106";0;1;0;1;1
"1107";0,3;0,6;0,1;1;1
"1108";0,3;0,2;0,5;0;1
"1109";0,2;0;0,8;1;1
"1110";0,8;0,1;0,1;0;1
"1111";0,2;0,3;0,5;0;1
"1112";0,1;0,1;0,8;0;1
"1113";0,4;0,4;0,1;1;1
"1114";0,3;0,2;0,2;0;1
"1115";0,3;0,4;0,1;0;1
"1116";0,6;0,1;0,2;1;1
"1117";0,3;0,1;0,4;0;1
"1118";0,3;0,5;0,1;1;1
"1119";0,7;0,2;0,1;0;1
"1120";0,5;0,3;0,1;1;1
"1121";0,7;0,3;0;0;1
"1122";0,5;0,2;0;1;1
"1123";0,2;0,6;0,1;1;1
"1124";0,3;0,1;0,6;1;1
"1125";0,4;0,3;0,1;1;1
"1126";0,6;0,3;0,1;1;1
"1127";0,4;0,6;0;0;1
"1128";0,2;0,8;0;0;1
"1129";0,2;0,6;0;1;1
"1130";0,3;0,7;0;0;1
"1131";0,3;0,7;0;0;1
"1132";0,3;0,2;0,4;1;1
"1133";0,1;0,8;0,1;0;1
"1134";0,2;0;0,6;1;1
"1135";0,2;0,6;0;1;1
"1136";0,6;0,2;0,1;1;1
"1137";0,5;0,5;0;1;1
"1138";0,3;0,7;0;1;1
"1139";0,5;0,4;0,1;0;1
"1140";0,1;0,9;0;1;1
"1141";0,4;0,4;0,2;1;1
"1142";0,2;0,6;0,2;1;1
"1143";0,3;0,5;0,1;1;1
"1144";0,4;0,4;0,2;1;1
"1145";0,1;0,9;0;1;1
"1146";0,5;0,5;0;1;1
"1147";0,2;0,7;0,1;1;1
"1148";0,2;0,8;0;0;1
"1149";0,5;0,3;0,2;1;1
"1150";0,1;0,9;0;0;1
"1151";0,3;0,7;0;0;1
"1152";0;1;0;0;1
"1153";0,4;0,6;0;1;1
"1154";0,1;0,9;0;1;1
"1155";0;0,9;0,1;1;1
"1156";0,5;0,3;0,2;1;1
"1157";0,3;0,4;0,3;1;1
"1158";0,1;0,8;0;1;1
"1159";0,3;0,4;0,1;0;1
"1160";0,2;0,3;0,3;1;1
"1161";0,2;0,5;0,2;0;1
"1162";0,2;0,5;0,2;1;1
"1163";0,1;0,5;0,3;0;1
"1164";0,3;0,2;0,3;1;1
"1165";0;0;0,7;0;1
"1166";0,3;0,7;0;1;1
"1167";0,4;0,5;0,1;1;1
"1168";0,5;0,3;0;1;1
"1169";0,3;0,4;0,1;0;1
"1170";0,5;0,3;0,2;1;1
"1171";0,1;0,8;0,1;0;1
"1172";0,6;0,2;0;1;1
"1173";0;0,1;0,5;0;1
"1174";0,1;0,5;0,1;1;1
"1175";0,3;0,4;0,2;0;1
"1176";0,3;0,1;0;1;1
"1177";0,4;0,3;0,2;0;1
"1178";0,2;0,1;0,5;0;1
"1179";0,4;0,2;0,2;0;1
"1180";0,1;0,3;0,5;0;1
"1181";0,3;0,2;0,2;0;1
"1182";0,2;0,5;0,3;0;1
"1183";0,5;0,1;0,4;1;1
"1184";0,7;0,1;0;1;1
"1185";0,4;0,3;0,2;1;1
"1186";0,1;0,7;0,1;0;1
"1187";0,5;0,4;0,1;1;1
"1188";0,1;0,7;0,1;0;1
"1189";0,2;0,4;0,2;0;1
"1190";0;0,3;0,4;1;1
"1191";0,9;0,1;0;1;1
"1192";0,9;0;0;1;1
"1193";0;0,1;0,6;0;1
"1194";0,2;0,8;0;1;1
"1195";0,2;0,7;0,1;1;1
"1196";0,1;0,1;0,3;1;1
"1197";0,2;0,2;0,6;0;1
"1198";0,7;0;0,1;0;1
"1199";0,1;0,4;0,1;0;1
"1200";0,4;0,3;0,3;1;1
"1201";0,3;0;0,3;1;1
"1202";1;0;0;1;1
"1203";0,8;0,1;0,1;1;1
"1204";0,3;0,2;0,4;0;1
"1205";0,2;0,7;0,1;1;1
"1206";0;0,7;0,3;0;1
"1207";0,4;0,3;0,3;0;1
"1208";0,2;0,7;0,1;1;1
"1209";0,2;0,4;0,3;0;1
"1210";0,4;0,1;0,4;0;1
"1211";0,5;0;0,4;1;1
"1212";0,5;0,1;0,2;1;1
"1213";0,4;0,2;0,2;1;1
"1214";0,3;0,4;0,3;1;0
"1215";1;0;0;0;0
"1216";0,6;0,2;0,2;1;0
"1217";0,4;0,3;0,3;0;0
"1218";0;0,4;0,5;0;0
"1219";0,7;0,3;0;0;0
"1220";0,7;0;0,3;0;0
"1221";0,5;0,1;0;0;0
"1222";0,4;0,1;0,3;1;0
"1223";0,2;0,5;0,1;1;0
"1224";0,1;0,1;0,6;0;0
"1225";0,5;0,2;0,2;1;0
"1226";1;0;0;0;0
"1227";0,4;0;0,6;1;0
"1228";0,2;0,4;0;1;0
"1229";0,7;0;0,1;0;0
"1230";0,4;0,1;0,4;0;0
"1231";0,1;0,6;0,2;0;0
"1232";0,2;0,3;0,3;1;0
"1233";0;1;0;0;0
"1234";0,3;0;0,5;0;0
"1235";0,9;0,1;0;0;0
"1236";0;0,7;0,3;0;0
"1237";0,1;0,4;0,5;1;0
"1238";0,3;0,6;0,1;1;0
"1239";0,1;0,3;0,3;0;0
"1240";0,5;0,1;0;1;0
"1241";0,5;0,2;0,1;1;0
"1242";0,3;0;0,6;0;0
"1243";0,4;0,6;0;1;0
"1244";0,1;0,5;0,3;0;0
"1245";0,6;0,2;0,2;0;0
"1246";0,3;0,3;0,3;0;0
"1247";0,8;0,2;0;1;0
"1248";0,6;0,3;0;0;0
"1249";0,6;0,2;0,1;0;0
"1250";0,4;0,3;0,1;0;0
"1251";0,8;0;0;0;0
"1252";0,8;0,1;0,1;1;0
"1253";0,3;0,4;0,3;1;0
"1254";0,3;0,3;0,2;1;0
"1255";0,7;0,1;0,2;0;0
"1256";0,9;0;0;0;0
"1257";0,8;0,2;0;0;0
"1258";0,3;0,4;0,3;0;0
"1259";0,7;0,1;0,2;1;0
"1260";0,6;0,1;0,1;1;0
"1261";0,4;0,6;0;0;0
"1262";0,2;0,4;0,2;0;0
"1263";0,2;0,4;0,3;0;0
"1264";0,5;0,1;0,4;0;0
"1265";0,8;0;0,1;0;0
"1266";0,5;0,1;0,2;1;0
"1267";0,8;0;0,1;0;0
"1268";0,5;0,1;0,2;1;0
"1269";0,6;0,2;0;1;0
"1270";0;0,4;0;0;0
"1271";0,5;0,3;0,1;0;0
"1272";0,7;0,3;0;1;0
"1273";0,6;0,1;0;0;0
"1274";1;0;0;1;0
"1275";0,7;0,3;0;0;0
"1276";0,6;0,3;0,1;0;0
"1277";0,6;0,1;0;1;0
"1278";0,7;0,3;0;1;0
"1279";0,6;0,2;0,1;1;0
"1280";0,7;0,1;0;1;0
"1281";0,5;0,4;0;0;0
"1282";0,5;0,4;0;0;0
"1283";0,7;0,1;0;0;0
"1284";0,4;0,6;0;1;0
"1285";0,8;0,2;0;1;0
"1286";0,1;0,3;0,3;1;0
"1287";0,5;0,1;0,4;0;0
"1288";0,5;0,2;0,1;0;0
"1289";0;1;0;0;0
"1290";0,7;0,1;0;1;0
"1291";0,7;0,3;0;0;0
"1292";0,2;0,2;0,4;0;0
"1293";0,4;0;0,3;1;0
"1294";0,7;0,1;0;0;0
"1295";0,6;0,2;0,1;0;0
"1296";0,8;0,2;0;0;0
"1297";0,6;0,1;0,3;1;0
"1298";0;0;1;1;0
"1299";0,1;0,1;0,8;0;0
"1300";0,6;0,2;0,2;0;0
"1301";0,7;0,1;0,1;1;0
"1302";0,1;0,8;0,1;1;0
"1303";0,4;0,1;0,1;1;0
"1304";0,7;0,3;0;1;0
"1305";0,2;0,1;0,6;1;0
"1306";0,5;0,1;0,4;0;0
"1307";0,4;0,2;0,2;1;0
"1308";0,3;0,3;0,4;1;0
"1309";0,7;0,2;0;1;0
"1310";0,1;0,1;0,1;1;0
"1311";0,6;0,2;0,2;NA;0
"1312";0;0;0,7;0;0
"1313";0,8;0,2;0;0;0
"1314";0,6;0,3;0;0;0
"1315";0,4;0,2;0,3;0;0
"1316";0,5;0,2;0,3;0;0
"1317";0,8;0,2;0;1;0
"1318";0,4;0,2;0,3;0;0
"1319";1;0;0;0;0
"1320";0,2;0,6;0,1;1;0
"1321";0,3;0,3;0,3;0;0
"1322";0,4;0,6;0;1;0
"1323";0,6;0,2;0,1;1;0
"1324";0,1;0,8;0;1;0
"1325";0,4;0,3;0,1;1;0
"1326";0,3;0,3;0,4;0;0
"1327";0,5;0,5;0;0;0
"1328";0,2;0;0,8;0;0
"1329";0,6;0,4;0;0;0
"1330";0,6;0,2;0,2;1;0
"1331";0,5;0,4;0;1;0
"1332";0,5;0,2;0,3;1;0
"1333";0,5;0,2;0,3;1;0
"1334";0,7;0,3;0;0;0
"1335";0,8;0,2;0;1;0
"1336";0,6;0,4;0;0;0
"1337";0,5;0,2;0,2;0;0
"1338";0,4;0,1;0,4;0;0
"1339";0,6;0;0,4;0;0
"1340";0,4;0;0,4;1;0
"1341";0,5;0,2;0,2;1;0
"1342";0,9;0,1;0;0;0
"1343";0,9;0;0;1;0
"1344";0,6;0,3;0;1;0
"1345";0,3;0,5;0,1;1;0
"1346";0;0,5;0,1;0;0
"1347";0,1;0,3;0,3;1;0
"1348";0,5;0,4;0,1;1;0
"1349";0,3;0,3;0,2;1;0
"1350";0,9;0,1;0;1;0
"1351";0,5;0,3;0;0;0
"1352";0,5;0,4;0;1;0
"1353";0,4;0,2;0,3;1;0
"1354";0,9;0;0;0;0
"1355";0,4;0;0,4;1;0
"1356";0,9;0,1;0;1;0
"1357";0,8;0,1;0,1;1;0
"1358";0,7;0;0;1;0
"1359";0,6;0,4;0;0;0
"1360";0,6;0,4;0;0;0
"1361";0,6;0,1;0;0;0
"1362";0,8;0;0;0;0
"1363";0,2;0,7;0,1;0;0
"1364";0,2;0,3;0,5;0;0
"1365";0,7;0,3;0;1;0
"1366";0,4;0,2;0,1;0;0
"1367";0,5;0,3;0,2;0;0
"1368";0;0,9;0;1;0
"1369";0,4;0,6;0;0;0
"1370";0,5;0,4;0,1;0;0
"1371";1;0;0;0;0
"1372";0,5;0,5;0;1;0
"1373";0,3;0,6;0;0;0
"1374";0,7;0,3;0;0;0
"1375";0;1;0;0;0
"1376";0,2;0,3;0,1;1;0
"1377";0,6;0,1;0,1;1;0
"1378";0,6;0,4;0;0;0
"1379";0;1;0;0;0
"1380";0,4;0,6;0;0;0
"1381";0;0,4;0;0;0
"1382";0,3;0,2;0,3;1;0
"1383";0,3;0,5;0,1;0;0
"1384";0,1;0,5;0,3;0;0
"1385";0,4;0,5;0;1;0
"1386";0,3;0,2;0,4;0;0
"1387";0,3;0,4;0,1;1;0
"1388";0,8;0;0;1;0
"1389";0,2;0,8;0;1;0
"1390";0;0;1;0;0
"1391";0,2;0,4;0,4;0;0
"1392";0,4;0,3;0;0;0
"1393";0,5;0,5;0;1;0
"1394";0,4;0,4;0,1;0;0
"1395";0,5;0,3;0,1;1;0
"1396";0;0;1;0;0
"1397";0,1;0,3;0,2;0;0
"1398";0,6;0,4;0;0;0
"1399";0,8;0;0,1;0;0
"1400";0,1;0,1;0,8;1;0
"1401";0,7;0,1;0,2;1;0
"1402";0,4;0,2;0,1;1;0
"1403";0,3;0,1;0,3;1;0
"1404";0,7;0;0;1;0
"1405";1;0;0;1;0
"1406";0,1;0,8;0,1;1;0
"1407";0,4;0,4;0;0;0
"1408";0;0,8;0;0;0
"1409";0,2;0,3;0,2;1;0
"1410";0,6;0,2;0,1;1;0
"1411";0;0;1;0;0
"1412";0,8;0,1;0,1;0;0
"1413";0,3;0,3;0,1;0;0
"1414";0,6;0,3;0,1;1;0
"1415";0,5;0,2;0,3;1;0
"1416";0,1;0,4;0,1;0;0
"1417";0,2;0,6;0,1;0;0
"1418";0,7;0,1;0;1;0
"1419";0,4;0,1;0,1;0;0
"1420";0,8;0,1;0;1;0
"1421";0;0,2;0,1;1;0
"1422";0;0,2;0,1;1;0
"1423";0,2;0,4;0,2;0;0
"1424";0,1;0,2;0,7;1;0
"1425";0,2;0,1;0,6;1;0
"1426";0,4;0,1;0,5;0;0
"1427";0,2;0,5;0,2;0;0
"1428";0,1;0,9;0;0;0
"1429";0,1;0,3;0,4;0;0
"1430";0,4;0,2;0,3;0;0
"1431";0,1;0,9;0;1;0
"1432";0,4;0,4;0,2;0;0
"1433";0,8;0,1;0,1;1;0
"1434";0,5;0,1;0,4;0;0
"1435";0,6;0,4;0;0;0
"1436";0,8;0,2;0;1;0
"1437";1;0;0;NA;0
"1438";0,2;0,8;0;1;0
"1439";0,6;0,2;0,2;0;0
"1440";0,3;0,4;0,3;1;0
"1441";0,5;0,1;0;0;0
"1442";0,3;0,5;0,1;1;0
"1443";0,7;0,1;0;0;0
"1444";0,3;0,5;0,1;1;0
"1445";0,7;0,3;0;1;0
"1446";0,5;0,1;0,3;1;0
"1447";0,4;0,4;0,2;1;0
"1448";0,6;0,3;0;0;0
"1449";0,7;0;0;1;0
"1450";0,1;0,7;0,2;0;0
"1451";0,9;0;0;0;0
"1452";0,6;0,3;0,1;1;0
"1453";0,6;0;0,2;0;0
"1454";0,5;0,4;0;0;0
"1455";0;1;0;1;0
"1456";0,4;0;0,4;1;0
"1457";0,6;0,3;0,1;0;0
"1458";1;0;0;1;0
"1459";0,5;0,1;0,2;0;0
"1460";0,8;0,1;0;0;0
"1461";0,1;0,7;0;0;0
"1462";0,4;0;0;0;0
"1463";0,1;0,7;0,2;0;0
"1464";0,3;0,5;0,2;1;0
"1465";0,4;0,2;0,4;1;0
"1466";0,7;0,1;0,2;0;0
"1467";0,7;0,1;0;1;0
"1468";0;0,8;0;1;0
"1469";0,7;0,3;0;0;0
"1470";0,3;0,3;0,2;0;0
"1471";0,4;0,3;0,3;0;0
"1472";0,5;0;0,5;0;0
"1473";0,2;0,4;0;1;0
"1474";0,5;0,3;0;0;0
"1475";1;0;0;1;0
"1476";0,8;0,1;0;1;0
"1477";0,6;0,3;0;0;0
"1478";0;1;0;0;0
"1479";0,9;0;0,1;0;0
"1480";0,6;0,2;0;0;0
"1481";0,8;0,2;0;0;0
"1482";0,8;0,1;0;0;0
"1483";0,1;0,7;0,2;0;0
"1484";0,5;0,2;0,3;1;0
"1485";0,7;0,1;0;0;0
"1486";0,3;0,3;0,3;0;0
"1487";0,2;0,1;0,1;1;0
"1488";0,5;0,3;0,1;1;0
"1489";0,8;0;0,2;1;0
"1490";0,9;0,1;0;1;0
"1491";0,3;0,3;0,3;0;0
"1492";0,5;0,1;0,4;0;0
"1493";0;1;0;1;0
"1494";0,3;0,5;0,1;0;0
"1495";0,2;0,8;0;1;0
"1496";0,7;0,2;0;1;0
"1497";0;1;0;0;0
"1498";0,6;0,2;0,1;1;0
"1499";0,2;0,2;0,6;0;0
"1500";0,3;0,6;0,1;0;0
"1501";0,5;0,2;0,1;1;0
"1502";0,3;0,6;0,1;1;0
"1503";0,3;0,5;0,2;0;0
"1504";0,2;0,4;0,2;1;0
"1505";0,8;0,1;0,1;0;0
"1506";0,7;0;0,1;0;0
"1507";0,3;0,3;0,4;0;0
"1508";0,7;0,3;0;0;0
"1509";0,7;0,3;0;0;0
"1510";0,4;0,2;0,4;1;0
"1511";0,2;0,4;0,1;1;0
"1512";0,6;0,4;0;0;0
"1513";0,6;0,2;0;0;0
"1514";0;1;0;1;0
"1515";0;0,6;0,4;0;0
"1516";0;1;0;0;0
"1517";0,1;0,3;0,1;0;0
"1518";0,1;0,9;0;1;0
"1519";0;0,5;0,5;0;0
"1520";0,2;0,6;0,2;1;0
"1521";0,5;0,1;0,1;0;0
"1522";0;1;0;1;0
"1523";0,3;0,1;0,4;1;0
"1524";0,6;0,1;0,3;1;0
"1525";0,1;0,4;0,4;1;0
"1526";0,4;0,6;0;0;0
"1527";0,4;0,6;0;0;0
"1528";0,2;0,8;0;1;0
"1529";0,3;0,3;0,2;1;0
"1530";0,2;0,8;0;0;0
"1531";0,7;0,1;0;0;0
"1532";0,5;0,2;0,2;1;0
"1533";0,5;0;0,4;0;0
"1534";0;1;0;0;0
"1535";0,5;0,5;0;1;0
"1536";0,5;0,1;0;1;0
"1537";0,3;0,5;0;0;0
"1538";0,4;0,2;0,1;0;0
"1539";0,3;0,5;0,2;1;0
"1540";0,5;0,2;0,1;1;0
"1541";0,5;0,2;0,3;1;0
"1542";0,2;0,3;0;0;0
"1543";0,5;0,2;0;1;0
"1544";0,5;0,5;0;1;0
"1545";0,6;0;0,3;1;0
"1546";0,5;0,3;0,2;0;0
"1547";0,2;0,1;0,1;0;0
"1548";0,2;0,8;0;1;0
"1549";0;0,8;0,2;0;0
"1550";0;0,8;0,2;0;0
"1551";0,5;0;0,4;1;0
"1552";0,7;0,1;0,1;1;0
"1553";0;0,9;0;1;0
"1554";0,2;0,8;0;0;0
"1555";0;0,9;0;1;0
"1556";0,9;0,1;0;0;0
"1557";0,2;0,2;0,3;0;0
"1558";0,8;0;0,2;0;0
"1559";0,3;0,3;0,2;0;0
"1560";0;1;0;0;0
"1561";0,1;0,3;0,3;1;0
"1562";0,5;0,2;0,3;0;0
"1563";0,5;0,5;0;1;0
"1564";0,2;0,6;0,1;1;0
"1565";0,9;0;0,1;0;0
"1566";0;1;0;1;0
"1567";0,5;0,1;0,4;1;0
"1568";0,2;0,7;0,1;1;0
"1569";0,4;0,1;0,3;1;0
"1570";0,2;0,3;0,5;1;0
"1571";0,4;0,1;0,5;1;0
"1572";0;0,9;0;0;0
"1573";0,2;0,3;0;1;0
"1574";0,3;0,3;0,3;1;0
"1575";0,3;0,4;0;1;0
"1576";0,8;0,2;0;0;0
"1577";0,5;0,3;0;1;0
"1578";0,3;0,5;0;0;0
"1579";0,4;0,1;0,5;1;0
"1580";0,4;0,5;0,1;1;0
"1581";0,3;0,7;0;1;0
"1582";0,1;0,3;0,2;1;0
"1583";0,4;0,2;0,4;1;0
"1584";0,2;0,7;0;1;0
"1585";1;0;0;0;0
"1586";1;0;0;0;0
"1587";0,4;0,3;0,1;1;0
"1588";0,6;0,1;0;1;0
"1589";0,2;0,1;0,2;1;0
"1590";0;0,8;0;1;0
"1591";0,4;0,5;0,1;1;0
"1592";0;0;0,9;1;0
"1593";0,3;0,6;0,1;1;0
"1594";0,1;0,9;0;1;0
"1595";0,5;0,3;0;0;0
"1596";0,3;0,5;0,2;0;0
"1597";0,3;0,5;0,2;0;0
"1598";0,6;0,1;0,1;1;0
"1599";0,3;0;0,6;0;0
"1600";0,8;0,1;0;1;0
"1601";0,3;0,5;0,2;1;0
"1602";0,1;0,6;0,1;1;0
"1603";1;0;0;0;0
"1604";0;0,7;0;1;0
"1605";0;0,5;0,1;0;0
"1606";0,2;0,4;0;NA;0
"1607";0,9;0;0;0;0
"1608";0,2;0;0,8;0;0
"1609";0;0,4;0;NA;0
"1610";0,3;0,1;0,1;NA;0
"1611";0,3;0,4;0,1;NA;0
"1612";0,3;0,1;0,1;1;0
"1613";0;0;0;NA;0
